Name,Address,Size,Price
N/A,N/A,5' x 5' Unit,$148.00
N/A,N/A,5' x 10' Unit,$228.00
N/A,N/A,10' x 10' Unit,$385.00
N/A,N/A,5' x 5' Unit,$91.00
N/A,N/A,5' x 10' Unit,$154.00
N/A,N/A,10' x 10' Unit,$341.00
N/A,N/A,5' x 5' Unit,$104.00
N/A,N/A,5' x 10' Unit,$139.00
N/A,N/A,10' x 10' Unit,$142.00
N/A,N/A,5' x 5' Unit,$163.00
N/A,N/A,5' x 10' Unit,$202.00
N/A,N/A,10' x 10' Unit,$353.00
N/A,N/A,5' x 10' Unit,$66.00
N/A,N/A,8' x 10' Unit,$78.00
N/A,N/A,5' x 5' Unit,$88.00
N/A,N/A,10' x 10' Unit,$266.00
N/A,N/A,5' x 10' Unit,$168.00
N/A,N/A,10' x 10' Unit,$297.00
N/A,N/A,5' x 5' Unit,$118.00
N/A,N/A,5' x 10' Unit,$144.00
N/A,N/A,10' x 10' Unit,$294.00
N/A,N/A,5' x 5' Unit,$87.00
N/A,N/A,5' x 10' Unit,$137.00
N/A,N/A,10' x 10' Unit,$225.00
N/A,N/A,5' x 5' Unit,$84.00
N/A,N/A,5' x 10' Unit,$78.00
N/A,N/A,10' x 10' Unit,$252.00
N/A,N/A,5' x 5' Unit,$109.00
N/A,N/A,5' x 10' Unit,$129.00
N/A,N/A,10' x 10' Unit,$230.00
N/A,N/A,5' x 5' Unit,$118.00
N/A,N/A,5' x 10' Unit,$138.00
N/A,N/A,9' x 10' Unit,$163.00
N/A,N/A,5' x 5' Unit,$60.00
N/A,N/A,5' x 10' Unit,$127.00
N/A,N/A,5' x 5' Unit,$80.00
N/A,N/A,5' x 10' Unit,$120.00
N/A,N/A,10' x 10' Unit,$190.00
N/A,N/A,5' x 5' Unit,$73.00
N/A,N/A,5' x 10' Unit,$128.00
N/A,N/A,10' x 10' Unit,$250.00
N/A,N/A,5' x 5' Unit,$54.00
N/A,N/A,10' x 10' Unit,$204.00
N/A,N/A,5' x 5' Unit,$112.00
N/A,N/A,5' x 10' Unit,$93.00
N/A,N/A,5' x 14' Unit,$161.00
N/A,N/A,5' x 10' Unit,$106.00
N/A,N/A,10' x 10' Unit,$214.00
N/A,N/A,5' x 5' Unit,$102.00
N/A,N/A,5' x 10' Unit,$116.00
N/A,N/A,10' x 10' Unit,$264.00
N/A,N/A,5' x 10' Unit,$162.00
N/A,N/A,5' x 20' Unit,$275.00
N/A,N/A,5' x 6' Unit,$104.00
N/A,N/A,10' x 10' Unit,$285.00
N/A,N/A,5' x 5' Unit,$29.00
N/A,N/A,5' x 10' Unit,$45.00
N/A,N/A,10' x 10' Unit,$92.00
N/A,N/A,5' x 5' Unit,$93.00
N/A,N/A,5' x 10' Unit,$67.00
N/A,N/A,10' x 10' Unit,$179.00
N/A,N/A,5' x 10' Unit,$90.00
N/A,N/A,10' x 10' Unit,$158.00
N/A,N/A,5' x 5' Unit,$64.00
N/A,N/A,5' x 10' Unit,$49.00
N/A,N/A,10' x 10' Unit,$77.00
N/A,N/A,5' x 5' Unit,$50.00
N/A,N/A,5' x 8' Unit,$79.00
N/A,N/A,5' x 10' Unit,$73.00
N/A,N/A,10' x 10' Unit,$183.00
N/A,N/A,5' x 5' Unit,$69.00
N/A,N/A,5' x 10' Unit,$61.00
N/A,N/A,10' x 10' Unit,$148.00
N/A,N/A,5' x 10' Unit,$65.00
N/A,N/A,10' x 10' Unit,$193.00
N/A,N/A,5' x 5' Unit,$26.00
N/A,N/A,5' x 10' Unit,$62.00
N/A,N/A,10' x 10' Unit,$77.00
